{"central_eval": [0.058733228945994906], "federated_eval": [[0.0, 0.0, 0.06666666666666667, 0.037037037037037035, 0.1111111111111111, 0.05555555555555555, 0.10526315789473684, 0.10714285714285714, 0.07692307692307693, 0.0]], "federated_eval_mean": [0.055969946233104126]}